timestamp,ip,event_type,severity
2025-01-02 10:00:00,192.168.1.20,login_fail,high
2025-01-09 01:00:00,192.168.1.10,login_success,low
2025-01-08 22:00:00,192.168.1.20,malware_detect,high
2025-01-05 07:00:00,1.1.1.1,login_success,low
2025-01-01 22:00:00,1.1.1.1,malware_detect,medium
2025-01-01 08:00:00,8.8.8.8,login_success,low
2025-01-02 09:00:00,192.168.1.10,malware_detect,low
2025-01-08 05:00:00,192.168.1.10,firewall_block,high
2025-01-06 07:00:00,10.0.0.5,login_success,high
2025-01-01 03:00:00,192.168.1.10,login_success,low
2025-01-07 13:00:00,10.0.0.5,firewall_block,medium
2025-01-05 05:00:00,8.8.8.8,firewall_block,low
2025-01-04 02:00:00,8.8.8.8,login_success,low
2025-01-05 02:00:00,192.168.1.100,firewall_block,medium
2025-01-03 23:00:00,1.1.1.1,login_fail,high
2025-01-01 02:00:00,192.168.1.20,malware_detect,low
2025-01-06 21:00:00,192.168.1.20,malware_detect,high
2025-01-08 19:00:00,10.0.0.6,malware_detect,high
2025-01-08 04:00:00,192.168.1.30,login_fail,medium
2025-01-02 09:00:00,192.168.1.100,firewall_block,medium
2025-01-02 20:00:00,10.0.0.6,firewall_block,high
2025-01-03 12:00:00,10.0.0.6,login_success,low
2025-01-04 10:00:00,10.0.0.100,firewall_block,high
2025-01-06 02:00:00,10.0.0.100,login_success,low
2025-01-05 05:00:00,10.0.0.6,login_fail,low
2025-01-01 15:00:00,192.168.1.10,malware_detect,medium
2025-01-03 17:00:00,192.168.1.30,malware_detect,low
2025-01-07 23:00:00,192.168.1.100,malware_detect,low
2025-01-07 00:00:00,10.0.0.6,firewall_block,high
2025-01-05 22:00:00,192.168.1.20,login_success,medium
2025-01-07 17:00:00,192.168.1.30,login_success,low
2025-01-06 03:00:00,10.0.0.100,login_fail,low
2025-01-06 23:00:00,192.168.1.20,firewall_block,medium
2025-01-05 05:00:00,10.0.0.100,login_fail,high
2025-01-08 19:00:00,10.0.0.100,login_success,medium
2025-01-03 17:00:00,192.168.1.30,login_success,medium
2025-01-09 01:00:00,10.0.0.100,malware_detect,low
2025-01-01 12:00:00,8.8.8.8,firewall_block,low
2025-01-08 15:00:00,1.1.1.1,login_success,high
2025-01-05 14:00:00,8.8.8.8,malware_detect,low
2025-01-07 14:00:00,1.1.1.1,firewall_block,low
2025-01-02 09:00:00,10.0.0.100,login_fail,medium
2025-01-02 14:00:00,192.168.1.100,firewall_block,low
2025-01-09 02:00:00,192.168.1.100,firewall_block,high
2025-01-06 15:00:00,1.1.1.1,login_success,medium
2025-01-05 23:00:00,192.168.1.20,login_success,high
2025-01-06 05:00:00,192.168.1.30,firewall_block,medium
2025-01-03 06:00:00,10.0.0.100,login_success,low
2025-01-02 02:00:00,192.168.1.30,login_success,medium
2025-01-05 21:00:00,8.8.8.8,login_success,medium
2025-01-08 04:00:00,192.168.1.30,login_fail,medium
2025-01-06 03:00:00,10.0.0.100,login_fail,low
2025-01-04 10:00:00,10.0.0.100,firewall_block,high